Date,Portfolio Daily Return,Cumulative Return
2020-10-01,0.005185571580679971,1.00518557158068
2020-10-02,-0.019059500235352113,0.9860272369425654
2020-10-05,0.026111387396632137,1.0117737761100036
2020-10-06,-0.005329895897499182,1.0063811272115177
2020-10-07,0.01802285582835996,1.0245189891756332
2020-10-08,0.010593582391887124,1.0353723154995182
2020-10-09,-0.0011923699762330987,1.0341377686362938
2020-10-12,0.01715229129716485,1.0518756008853436
2020-10-13,-0.00751257687361,1.0439733045722177
2020-10-14,-0.007275941919956619,1.036377415442165
2020-10-15,0.0026316053268538473,1.0391047517692735
2020-10-16,-0.01018138558284203,1.0285252256305473
2020-10-19,-0.01597807373778668,1.0120913737342487
2020-10-20,0.00045622956175106477,1.0125531197381397
2020-10-21,-0.008912461683380802,1.0035287788560858
2020-10-22,0.011298453518284037,1.0148671021182516
2020-10-23,0.006640275786251438,1.0216060995627105
2020-10-26,-0.01737094224560013,1.003859839009454
2020-10-27,0.010680258234506758,1.0145813213213253
2020-10-28,-0.04052497247022597,0.973465441205973
2020-10-29,0.020790034621225386,0.9937038214312115
2020-10-30,-0.019845945543298146,0.9739828295049204
2020-11-02,0.01800573102607772,0.9915201023570042
2020-11-03,0.011568710150189556,1.0029907110292586
2020-11-04,0.03380960133274528,1.0369014271096046
2020-11-05,0.030694936268578867,1.0687290503315325
2020-11-06,0.01947011683330001,1.0895373298046294
2020-11-09,0.007978104845053848,1.0982297728544106
2020-11-10,-0.01818426109571929,1.0782592759217335
2020-11-11,0.03430283531756775,1.1152466262933167
2020-11-12,-0.018075745413231016,1.095087712203474
2020-11-13,0.020488950340432924,1.117524909957229
2020-11-16,0.029567523188853195,1.1505673536465106
2020-11-17,0.004154169617976421,1.1553470055904644
2020-11-18,-0.008719416549998004,1.1452730537889284
2020-11-19,0.013606820260532847,1.1608565783810658
2020-11-20,-0.010858923735474936,1.1482509253286015
2020-11-23,0.029412194051508356,1.1820235043641905
2020-11-24,0.022263429024156713,1.2083394007584878
2020-11-25,0.022273205739804392,1.2352529928350935
2020-11-27,-0.0018907575125354124,1.2329174289590086
2020-11-30,-0.00703031876632263,1.2242496264208718
2020-12-01,0.005670993965544912,1.231192338664625
2020-12-02,-0.0073896916645833305,1.2220942069020961
2020-12-03,0.002898488418305656,1.2256364328068803
2020-12-04,0.020061323086031656,1.2502243212714303
2020-12-07,0.02599018388569545,1.2827178812796436
2020-12-08,-0.0037393246857734823,1.2779213826412914
2020-12-09,-0.02369926654149106,1.2476355831750048
2020-12-10,0.0069295242624873524,1.2562811042193587
2020-12-11,-0.0029806799469365266,1.2525365323242967
2020-12-14,-0.0006194212174654216,1.2517606846205245
2020-12-15,0.006972255364406189,1.2604882797688228
2020-12-16,0.0012487374898714214,1.2620622987393137
2020-12-17,0.006066224338031412,1.269718251772038
2020-12-18,-0.00814313471544107,1.259378764997204
2020-12-21,0.004470519933350337,1.2650088428697621
2020-12-22,-0.010650658678802528,1.2515356654586893
2020-12-23,0.000594344222869414,1.2522795084511695
2020-12-24,0.00022538257893701692,1.2525617504363344
2020-12-28,-0.005816776589343865,1.2452758785696887
2020-12-29,-0.0072493684254248516,1.2362484149346424
2020-12-30,0.011191192270043126,1.2500835086397122
2020-12-31,-0.007771941309054931,1.2403679329791468
2021-01-04,0.0009114675543137271,1.2414984881054687
2021-01-05,0.019363295313275054,1.2655379899616392
2021-01-06,-0.00628916965471561,1.2575788068382827
2021-01-07,0.03453811030374631,1.301013202384517
2021-01-08,-0.004542978300313749,1.2951027276376623
2021-01-11,0.007367294934474645,1.3046441314026116
2021-01-12,0.0030542326402493445,1.3086288180926513
2021-01-13,-0.009378953485774489,1.2963552492776163
2021-01-14,0.0027423338648396747,1.299910288178573
2021-01-15,-0.014346133662889605,1.2812616014345977
2021-01-19,0.02459317752898508,1.3127718954597505
2021-01-20,0.009168184173064886,1.324807629974549
2021-01-21,0.0013574327067173765,1.3266059671815853
2021-01-22,0.020207820738255167,1.3534137827566906
2021-01-25,0.014756848508589394,1.373385904918268
2021-01-26,-0.007911511278433604,1.3625203468418654
2021-01-27,-0.01904644728970344,1.3365691748745934
2021-01-28,-0.00062260765097425,1.3357370166802602
2021-01-29,-0.02023326582769581,1.3087106945458753
2021-02-01,0.016957365377055635,1.33090297996615
2021-02-02,0.0015551484684038228,1.3329727316970383
2021-02-03,0.005655606745916731,1.3405115012705473
2021-02-04,0.002830964441069428,1.3443064416634887
2021-02-05,0.009252821038953486,1.3567450685897133
2021-02-08,0.03057454458677076,1.3982269311821907
2021-02-09,0.005138898623485266,1.4054122776341629
2021-02-10,0.0009179091304037162,1.4067023183957847
2021-02-11,-0.0011779945208720282,1.4050452307722165
2021-02-12,-0.00012664477089778785,1.4048672891408645
2021-02-16,-0.006277862562582326,1.3960477253809704
2021-02-17,-0.008289399631413697,1.3844753278807616
2021-02-18,-0.015446040363327085,1.3630906660842848
2021-02-19,0.016935370756952384,1.3861751118897634
2021-02-22,-0.010928611997570082,1.3710261419312317
2021-02-23,-0.006851053190638079,1.3616331689071055
2021-02-24,0.017170833112904547,1.3850135448114047
2021-02-25,-0.043940427966550955,1.3241554569129217
2021-02-26,0.003387264127369849,1.3286407211911837
2021-03-01,0.022179869978731406,1.3581097996356521
2021-03-02,-0.011206549283939982,1.3428900752330335
2021-03-03,-0.020066496274066405,1.315942976541889
2021-03-04,-0.007349690627611804,1.3062712027807275
2021-03-05,0.02086139200425734,1.333521838405809
2021-03-08,-0.03523724065533616,1.2865322084667572
2021-03-09,0.03609046024579593,1.3329637479913627
2021-03-10,0.0018319318769706274,1.3354056467721545
2021-03-11,0.03301671248667001,1.3794963510647062
2021-03-12,-0.0054112059741714515,1.3720316121684772
2021-03-15,0.011716890057681551,1.3881075557239189
2021-03-16,-0.00272036625599661,1.3843313947696336
2021-03-17,0.003757421888350155,1.3895329118530715
2021-03-18,-0.037963619960800804,1.3367812124644567
2021-03-19,0.007111937966765015,1.3462883175226408
2021-03-22,0.007559375553956794,1.356465416518699
2021-03-23,-0.014698142166185337,1.3365278949831931
2021-03-24,-0.016073929650764398,1.3150446396229492
2021-03-25,0.002031447864396541,1.3177160842476974
2021-03-26,0.024984393552198104,1.3506384214866032
2021-03-29,-0.006476567182087813,1.3418909210111363
2021-03-30,-0.011296452245659718,1.3267323143030496
2021-03-31,0.019768923176711754,1.3529603835005677
2021-04-01,0.023636746888601238,1.3849399656356753
2021-04-05,0.008469612091616209,1.3966698699147857
2021-04-06,-0.0052408782314941615,1.3893500931969656
2021-04-07,0.001007233274998509,1.3907494928414557
2021-04-08,0.0061116441817908995,1.399249258887709
2021-04-09,0.0022341935781796107,1.4023754525961885
2021-04-12,-0.007748479544519038,1.3915091750880113
2021-04-13,0.018083857370613653,1.4166730285402032
2021-04-14,-0.011591080636330221,1.4002522572310796
2021-04-15,0.013096981573121391,1.4185913352417567
2021-04-16,-0.006292062983170855,1.409665469213035
2021-04-19,-0.01649733887460638,1.3864097402675966
2021-04-20,-0.010447759835826142,1.3719248642672306
2021-04-21,0.017022351716364528,1.3952782518352131
2021-04-22,-0.015738147493977794,1.373319156912691
2021-04-23,0.01943363115274335,1.4000077348631288
2021-04-26,0.0123948727009076,1.4173606525170432
2021-04-27,-0.001233043004356216,1.4156129858798072
2021-04-28,-0.0009014281776423829,1.4143369124456986
2021-04-29,0.004561140268435715,1.4207879014901899
2021-04-30,-0.018986639840972142,1.393811913314185
2021-05-03,-0.0022335093216952705,1.390698821413108
2021-05-04,-0.011279367716852652,1.3750126180229958
2021-05-05,0.005192618077120415,1.3821525333996107
2021-05-06,0.0045812504096606095,1.3884845202594611
2021-05-07,0.0071148454724983675,1.398363373062063
2021-05-10,-0.026528317194275397,1.3612671459486159
2021-05-11,0.007764026471956598,1.3718360601051656
2021-05-12,-0.026340357544181493,1.3357014077899942
2021-05-13,-0.0014064873709596748,1.3338227606285644
2021-05-14,0.03663900154628619,1.3826926948177063
2021-05-17,0.006301278194597993,1.391405426145391
2021-05-18,-0.004812578838166183,1.384709177836214
2021-05-19,-0.0020157981950935317,1.3819178835748023
2021-05-20,0.013034584090042689,1.399930608433792
2021-05-21,-0.0006558228294280987,1.399012501981166
2021-05-24,0.018027970143295536,1.4242338575969795
2021-05-25,-0.001007733845463566,1.422798608934824
2021-05-26,0.006721650414806513,1.4323621637947568
2021-05-27,0.0024193078222589535,1.4358274887819331
2021-05-28,0.011079518574994719,1.4517357661143806
2021-06-01,0.008785503009283347,1.4644899950562629
2021-06-02,0.013738985797045557,1.4846106022982561
2021-06-03,-0.011433213317986135,1.4676367325880362
2021-06-04,0.016771564344922486,1.492251296483608
2021-06-07,0.0007596054899712381,1.4933848187608338
2021-06-08,-0.005357970321873207,1.4853833072227773
2021-06-09,-0.004142347218933884,1.4792303338110522
2021-06-10,0.009273670893495258,1.4929482291024911
2021-06-11,0.0026702537660320716,1.4969347797337431
2021-06-14,0.008504115702091364,1.5096648862990834
2021-06-15,-0.005389421102299974,1.5015286665034617
2021-06-16,-0.004596221843665893,1.494627307647588
2021-06-17,0.005600223781254709,1.5029975550399888
2021-06-18,-0.015259864216171683,1.4800620164328406
2021-06-21,0.007559542111151783,1.491250607573181
2021-06-22,0.006958993314546502,1.5016282105815961
2021-06-23,0.006380318650890582,1.5112090770602733
2021-06-24,0.008818533445537236,1.5245357248495288
2021-06-25,-0.0033261405919874035,1.519464904691172
2021-06-28,0.013533329938764493,1.540028324576731
2021-06-29,0.0004138427106175511,1.5406656540730015
2021-06-30,0.007651809375814977,1.5524545339698332
2021-07-01,-0.0027784963095337954,1.5481410447764792
2021-07-02,0.004590281315458034,1.5552474476880105
2021-07-06,-0.001776834775384862,1.55248402993863
2021-07-07,-0.01864577209170585,1.5235367665403814
2021-07-08,-0.006099141497777072,1.5142445002241858
2021-07-09,0.013781067653420376,1.5351124061255952
2021-07-12,0.0026006361664911775,1.5391046749685948
2021-07-13,-0.00298910899409548,1.5345041233417918
2021-07-14,-0.013061040500365629,1.5144619028388466
2021-07-15,-0.016517508375789983,1.489446765673891
2021-07-16,-0.018616287288722336,1.4617187967828476
2021-07-19,-0.006035161799895605,1.4528970873383142
2021-07-20,0.008075181068162175,1.4646294943919764
2021-07-21,0.021989164103485392,1.4968354726949666
2021-07-22,0.0005428213385143101,1.4976479869297907
2021-07-23,0.0061019973922958,1.5067866310406133
2021-07-26,0.004447380113506872,1.5134878839388015
2021-07-27,-0.008453874198382404,1.500693047767207
2021-07-28,0.018551748598253086,1.5285335279125305
2021-07-29,0.006004054646947088,1.537710926743808
2021-07-30,-0.002599758161591837,1.533713250211837
2021-08-02,0.001442222875325572,1.5359252065454823
2021-08-03,0.011258584495603586,1.553217550262302
2021-08-04,0.004041768267911428,1.5594952956701154
2021-08-05,0.0017262061728192215,1.5621873060759834
2021-08-06,-0.008234147324107155,1.5493240256499037
2021-08-09,-0.00378255142822882,1.5434636278438925
2021-08-10,-0.0033554817876274793,1.538284563750797
2021-08-11,0.0013505519468608334,1.5403620969631966
2021-08-12,0.010953320561158088,1.5572341767914921
2021-08-13,0.004980767004462994,1.5649903973974773
2021-08-16,-0.007404714404095292,1.5534020904595973
2021-08-17,-0.013041409153510888,1.5331435382179945
2021-08-18,-0.012422187826815534,1.514098541220782
2021-08-19,-0.0023913243313495973,1.5104778405390997
2021-08-20,0.00770541021186779,1.5221166919163898
2021-08-23,0.027100761333394653,1.563367213105592
2021-08-24,0.001860054154574986,1.5662751607854555
2021-08-25,0.005723277526850935,1.5752393882140439
2021-08-26,-0.0035176892689436252,1.5696981855221062
2021-08-27,0.02184207014446262,1.6039836433959156
2021-08-30,0.0024416429493136498,1.6078999987496276
2021-08-31,-0.0028290402935505442,1.603351184865165
2021-09-01,-0.002719423623876815,1.5989909937756717
2021-09-02,0.005377347627961748,1.6075893242031833
2021-09-03,0.00798512401501188,1.620426124322155
2021-09-07,-0.0028760266016445105,1.6157657356826047
2021-09-08,-0.014480169298476543,1.592369174283243
2021-09-09,0.0007058669356472258,1.5934931750327135
2021-09-10,0.0016659092751299177,1.5961477900928567
2021-09-13,0.0024084822482696726,1.5999920837109103
2021-09-14,0.0014061913967987171,1.6022419788139706
2021-09-15,0.01189781129868456,1.6213051515327301
2021-09-16,8.512282437910315e-05,1.621443161606409
2021-09-17,-0.011710092008706463,1.60245591299711
2021-09-20,-0.029867727706127535,1.5545941961266383
2021-09-21,0.007954003466286653,1.5669594437512986
2021-09-22,0.016005216720086035,1.5920389692401238
2021-09-23,0.014902973696856184,1.6157650841230795
2021-09-24,0.0010223094178910656,1.6174168959856783
2021-09-27,0.0003906466816549041,1.6180487345289478
2021-09-28,-0.02873113637488818,1.5715603556759814
2021-09-29,-0.007236653067636812,1.5601875186071026
2021-09-30,-0.0012641505978766788,1.5582152066226558
2021-10-01,0.009840554233987798,1.5735489078716507
2021-10-04,-0.018847466187464537,1.543891498036218
2021-10-05,0.011437809557557632,1.5615502349682884
2021-10-06,0.007618612887302513,1.573447081712588
2021-10-07,0.007285983839961075,1.58491119172298
2021-10-08,0.002351709868378082,1.5886384430130576
2021-10-11,-0.004716509546774494,1.5811456146302134
2021-10-12,-0.0021307427846323002,1.577776600020387
2021-10-13,0.012398369496252917,1.5973384572899814
2021-10-14,0.01997932748284521,1.6292522054291207
2021-10-15,0.0015726631415380224,1.6318144703208686
2021-10-18,0.01058423011223193,1.6490859701752143
2021-10-19,0.01062228345841586,1.666603028797712
2021-10-20,-0.0015571770112308373,1.6640078328744206
2021-10-21,0.007354509013880828,1.676245793480464
2021-10-22,-0.004729084024507991,1.6683186862773667
2021-10-25,0.012274893404328135,1.6887971203158703
2021-10-26,0.007576780866917065,1.7015927660251844
2021-10-27,-0.007576080397463292,1.6887013624260356
2021-10-28,0.005845614023618085,1.6985728587919362
2021-10-29,0.004081169713972966,1.7055050229002142
2021-11-01,0.00951890161931892,1.7217395574244556
2021-11-02,0.002046956638934473,1.7252638836420418
2021-11-03,0.00566132130591056,1.7350311568248222
2021-11-04,0.025932155781691894,1.7800242550696925
2021-11-05,0.007317156959220183,1.7930489719352563
2021-11-08,0.019435190770960255,1.827897220766492
2021-11-09,-0.009905709941761855,1.8097906010942266
2021-11-10,-0.02823833690604536,1.7586851243711334
2021-11-11,0.011359820096953788,1.7786634709911784
2021-11-12,0.007887841105581873,1.7926932858306595
2021-11-15,0.005302492496125933,1.802199028526632
2021-11-16,0.002537973434625196,1.80677296178494
2021-11-17,-0.007899431354266651,1.7925004828005748
2021-11-18,0.009703343378347929,1.8098937304910434
2021-11-19,-0.0014753913424708552,1.8072234289502846
2021-11-22,-0.009293889172925875,1.7904272946909057
2021-11-23,-0.002618682755074953,1.7857387336100832
2021-11-24,0.014169804275629305,1.8110423019527482
2021-11-26,-0.021709466333274374,1.771725540070369
2021-11-29,0.019690726788421375,1.806612103623963
2021-11-30,-0.021150594526963277,1.7684011835527085
2021-12-01,-0.020963893166812353,1.731328610064645
2021-12-02,0.009649960493508525,1.74803586275305
2021-12-03,-0.014740919532163534,1.7222682067608712
2021-12-06,0.0052031684977445715,1.7312294584389563
2021-12-07,0.03193055418808508,1.7865085744736504
2021-12-08,0.0027085973715023307,1.7913475069026363
2021-12-09,-0.018368169287498702,1.75844373264311
2021-12-10,0.010006964479604499,1.7760404166150527
2021-12-13,-0.01989775535816487,1.7407011988990333
2021-12-14,-0.0033402138852924868,1.7348868845843255
2021-12-15,0.024614442273729546,1.7775901576563768
2021-12-16,-0.01446454715376062,1.7518781210008953
2021-12-17,-0.003873313592111661,1.7450925476630996
2021-12-20,-0.011647468203322141,1.7247666377023392
2021-12-21,0.028077984859810036,1.7731946092424509
2021-12-22,0.0077999028434045155,1.7870253549169908
2021-12-23,0.007659244641623797,1.8007126192910845
2021-12-27,0.024735933170034464,1.8452549263003066
2021-12-28,-0.006527868364135903,1.833209345043145
2021-12-29,-0.007381445055820146,1.819677610986893
2021-12-30,-0.002627511493136048,1.8148963871502228
2021-12-31,-0.006504022469837079,1.8030922602677717
2022-01-03,0.01765770237340534,1.8349307267513706
2022-01-04,-0.0009112412936503672,1.833258662102167
2022-01-05,-0.035797436312918256,1.767632701900459
2022-01-06,0.0046428722745678,1.7758395947637318
2022-01-07,-0.008839717229822297,1.7601416749004983
2022-01-10,0.0029288812753497265,1.765296920894077
2022-01-11,0.019765112813432163,1.800188213684753
2022-01-12,0.004308162674981831,1.807943717354892
2022-01-13,-0.01943047896548892,1.77281450498404
2022-01-14,0.014122043883227419,1.7978502692202467
2022-01-18,-0.027254226987639733,1.748851249893129
2022-01-19,-0.007147421105380469,1.7363514735594718
2022-01-20,-0.01862175459549924,1.704017562527314
2022-01-21,-0.030650993626831425,1.6517877310782805
2022-01-24,0.0023276273500373646,1.6556324773775946
2022-01-25,-0.011710263282159638,1.6362445851690088
2022-01-26,0.0025475344634627636,1.640412974640381
2022-01-27,-0.018354837877129895,1.6103034604393165
2022-01-28,0.014376980258059748,1.6334547614995378
2022-01-31,0.039284695382664145,1.6976245342264096
2022-02-01,0.015228820935940468,1.7234773542746031
2022-02-02,0.009315742356458035,1.7395328252642153
2022-02-03,-0.05418580734276767,1.6452748347280282
2022-02-04,0.01322343250701732,1.6670310154605483
2022-02-07,0.003050727317160229,1.6721166725179673
2022-02-08,0.005961793765279512,1.682085487271005
2022-02-09,0.028424458936596994,1.7298978571317853
2022-02-10,-0.025845941315348023,1.685187018634811
2022-02-11,-0.02280463837571738,1.646756938079391
2022-02-14,-0.0005809202486364408,1.6458003036294782
2022-02-15,0.02942439231513768,1.6942269774358445
2022-02-16,-0.006057938400139496,1.6839634547706837
2022-02-17,-0.03505183771675993,1.6249374410331072
2022-02-18,-0.01245525278064561,1.6046984344523043
2022-02-22,-0.012378632053958706,1.5848344629746556
2022-02-23,-0.012790121500664709,1.564564237634769
2022-02-24,0.031290234575409206,1.613519819638657
2022-02-25,0.015510442180401153,1.6385462255080936
2022-02-28,0.007016755596284663,1.6500435039056984
2022-03-01,-0.005053073614864567,1.6417057126127337
2022-03-02,0.019540369298961593,1.6737852485174014
2022-03-03,-0.017269770122195292,1.6448793620415842
2022-03-04,-0.00413950782801521,1.6380703710462725
2022-03-07,-0.022440011431924933,1.6013120531936966
2022-03-08,0.007168965468004385,1.6127918040065412
2022-03-09,0.028702874060119565,1.6590835640421342
2022-03-10,-0.0008480643618193786,1.6576765543981897
2022-03-11,-0.020276335474995022,1.624064948472178
2022-03-14,-0.027325129735508106,1.5796871630562845
2022-03-15,0.024053915043332066,1.6176848238714827
2022-03-16,0.03499710825740619,1.674299114778876
2022-03-17,0.011705301647641752,1.6938972909657424
2022-03-18,0.022351649587724908,1.7317586896510053
2022-03-21,0.006199366057069234,1.7424944956906623
2022-03-22,0.007842229296134817,1.7561595370731213
2022-03-23,-0.0038721311979685535,1.7493594569410105
2022-03-24,0.028131291132877316,1.79857119712027
2022-03-25,0.00025805486642471644,1.7990353271702981
2022-03-28,0.002726258821912342,1.8039399631019282
2022-03-29,0.014860561748798386,1.8307475243147295
2022-03-30,-0.01096111534894766,1.8106804895259154
2022-03-31,-0.020869621730342007,1.7728922726349992
2022-04-01,0.002839023411855924,1.777925555303708
2022-04-04,0.017601591083974258,1.8092198739059118
2022-04-05,-0.026074827741550392,1.7620447773472256
2022-04-06,-0.025872294542131857,1.716456635871273
2022-04-07,0.003735638660259133,1.722868697638892
2022-04-08,-0.007704420653198018,1.7095949924620546
2022-04-11,-0.02695392737842005,1.6635146931887217
2022-04-12,-0.0017825594307468555,1.6605493793841921
2022-04-13,0.02135520044480308,1.6960107442294348
2022-04-14,-0.022310620369093627,1.6581716923730279
2022-04-18,0.008515023517537414,1.6722910633296992
2022-04-19,0.012761958593080835,1.693632772635492
2022-04-20,-0.01380926687004991,1.670244945698306
2022-04-21,-0.039576790405375664,1.6041420115567662
2022-04-22,-0.023933935332997584,1.5657485803872218
2022-04-25,0.0016362080717550853,1.5683104708527904
2022-04-26,-0.03681843276455668,1.5105677372277468
2022-04-27,-0.006899876014103912,1.5001450071299698
2022-04-28,0.05547768240109899,1.5833695753911206
2022-04-29,-0.035077861535928,1.5278283566653499
2022-05-02,0.027956491018155605,1.5705410763957481
2022-05-03,0.004954728605133218,1.5783226811925029
2022-05-04,0.04128852647993367,1.6434892990087995
2022-05-05,-0.04297884608418177,1.5728540253857004
2022-05-06,-0.001217468380352072,1.5709391253428837
2022-05-09,-0.07691930796748726,1.4501035749624593
2022-05-10,0.01272714459093549,1.4685592528328393
2022-05-11,-0.022991950875283086,1.4347942106342642
2022-05-12,0.002659024751895023,1.4386093639542161
2022-05-13,0.050200280567812776,1.5108279576522006
2022-05-16,-0.001364305974820834,1.5087667260426494
2022-05-17,0.031024095060251836,1.5555748483751415
2022-05-18,-0.043371282152054054,1.4881075727176245
2022-05-19,0.002662836674794856,1.492070160138297
2022-05-20,-0.004931118182473416,1.484712585842113
2022-05-23,0.010812591886887223,1.500766177102149
2022-05-24,-0.022405164903146216,1.467141263423111
2022-05-25,0.02192217565237946,1.4993041919067265
2022-05-26,0.027765037936145563,1.5409324296728388
2022-05-27,0.03058667578374377,1.5880644303038987
2022-05-31,-0.008461148010126174,1.5746275821094806
2022-06-01,-0.005204250893033169,1.5664328251090927
2022-06-02,0.03398161602283824,1.6196627438975197
2022-06-03,-0.01890119110605778,1.5890491888477507
2022-06-06,-0.0005388527276090295,1.5881929253580351
2022-06-07,0.014273761750170522,1.610862412787902
2022-06-08,-0.008043877782535548,1.5979048324149558
2022-06-09,-0.033189307999315194,1.5448714767783418
2022-06-10,-0.028070448052904953,1.5015062422410208
2022-06-13,-0.0543951567487762,1.4198315748350547
2022-06-14,0.004048252969682209,1.4255794122243293
2022-06-15,0.016192762875590738,1.4486634816068018
2022-06-16,-0.04567401389696139,1.3824972056158724
2022-06-17,-0.0021329658931508177,1.3795483862289175
2022-06-21,0.02758376639481957,1.4176015266450062
2022-06-22,-0.014237568314261494,1.3974183280669965
2022-06-23,-0.0060138652102529125,1.3890144425996647
2022-06-24,0.04135141124806397,1.4464521500451037
2022-06-27,-0.006700157062526192,1.4367606934563728
2022-06-28,-0.022818660730425443,1.403975738641581
2022-06-29,-0.013458194454904437,1.3850807601409745
2022-06-30,-0.019358261979373414,1.358268003923576
2022-07-01,-0.007777313901191697,1.3477043272951172
2022-07-05,0.006640882425829343,1.3566542732774654
2022-07-06,-0.0018417694098392446,1.3541556289372152
2022-07-07,0.03248116888594874,1.398140186618583
2022-07-08,-0.0013484060168224123,1.3962549259785852
2022-07-11,-0.028226516477155662,1.356843513304141
2022-07-12,-0.011871694556278678,1.3407354815535262
2022-07-13,0.00180830863917989,1.3431599451076743
2022-07-14,-0.009377036199042543,1.3305650856812958
2022-07-15,0.01927234907494495,1.3562082004794798
2022-07-18,0.004105237330803547,1.36177575701243
2022-07-19,0.03566949002210156,1.4103496037895247
2022-07-20,0.022967973989702663,1.44274247680575
2022-07-21,0.007431651012668106,1.4534644353945227
2022-07-22,-0.028555728445931072,1.4119596996715784
2022-07-25,-0.011817474846810519,1.3952739014359994
2022-07-26,-0.016490624675978303,1.3722649632072303
2022-07-27,0.04242951769475681,1.4304895037455265
2022-07-28,0.0061409835806528375,1.439274116300324
2022-07-29,0.018313196698674185,1.4656318262954424
2022-08-01,-0.002740810298440832,1.461614807492209
2022-08-02,0.0036181983905820285,1.4669032198363283
2022-08-03,0.008017240132783899,1.47866373520131
2022-08-04,0.011180498342032996,1.4951959326411524
2022-08-05,0.0012560005044543465,1.4970738994868078
2022-08-08,-0.02415761047675454,1.4609081713680894
2022-08-09,-0.015573866572301122,1.4381561824328184
2022-08-10,0.030610598452877127,1.482179003845792
2022-08-11,0.0013092278205280579,1.4841195138326295
2022-08-12,0.024766660257897713,1.5208761976138387
2022-08-15,-0.0011305665626279993,1.5191567458389197
2022-08-16,-0.008122671473646294,1.5068171346754966
2022-08-17,-0.014443312482858517,1.485053703944853
2022-08-18,0.009559507497464972,1.499250085961852
2022-08-19,-0.028818145084464966,1.4560444794667067
2022-08-22,-0.024412430171047505,1.4204988952857864
2022-08-23,0.007162863707535906,1.4306737352694237
2022-08-24,0.005585540446049642,1.4386648212828719
2022-08-25,0.02628223073543248,1.476476142066778
2022-08-26,-0.0426139019792649,1.4135577324740212
2022-08-29,-0.012645886873624678,1.3956820412998172
2022-08-30,-0.014252634030675492,1.3757898959419848
2022-08-31,-0.00789224552320509,1.3649318242948658
2022-09-01,-0.02046589806040703,1.3369972687194418
2022-09-02,-0.0038915564097739444,1.3317942684285065
2022-09-06,-0.010381284277863856,1.3179685335283204
2022-09-07,0.00878065273185107,1.3295411575327396
2022-09-08,0.012902844033612505,1.3466960197246531
2022-09-09,0.02762896731743687,1.3839038400401478
2022-09-12,0.010997208554041793,1.3991229191878085
2022-09-13,-0.05461156190894107,1.322714631268365
2022-09-14,0.011001742459696318,1.3372667969892518
2022-09-15,-0.009851848106612682,1.3240922476272972
2022-09-16,-0.0046801762783653,1.3178952624995846
2022-09-19,0.005499139487106919,1.3251425523774671
2022-09-20,-0.014999464388334261,1.305266123853615
2022-09-21,-0.00892949265852092,1.293610759583248
2022-09-22,-0.018449940359698793,1.2697437182202724
2022-09-23,-0.027400361443649813,1.2349522814002332
2022-09-26,-0.014209349411899289,1.2174044129267951
2022-09-27,0.0016472575347571518,1.2194097915188356
2022-09-28,0.02873658732818527,1.2544514674816607
2022-09-29,-0.022034188958322376,1.226810646808125
2022-09-30,-0.007517701981141879,1.2175878499781296
2022-10-03,0.03523704800664802,1.2604920515001203
2022-10-04,0.03629438224338884,1.306240831832019
2022-10-05,0.0018543082966415603,1.308663005043897
2022-10-06,0.003254876255122197,1.3129225411849712
2022-10-07,-0.05018571541022422,1.247032584177394
2022-10-10,-0.019678745838122416,1.22249254690151
2022-10-11,-0.016493714264583917,1.202329104142333
2022-10-12,0.001487632565805841,1.204117728072471
2022-10-13,0.027282861278508572,1.2369695050104652
2022-10-14,-0.038813234346777074,1.1889587177326773
2022-10-17,0.030533830061457976,1.2252621811700157
2022-10-18,0.0023281781863659923,1.228114809852795
2022-10-19,-0.0012599062051847916,1.2265675003831822
2022-10-20,0.004140664007715011,1.2316463042850518
2022-10-21,0.021006326707977644,1.257518668941537
2022-10-24,-2.8587536887692347e-05,1.2574827195802016
2022-10-25,0.024208084407654283,1.2879239673969658
2022-10-26,-0.014365060996475321,1.269422861046486
2022-10-27,-0.02808520128586617,1.2337708644771153
2022-10-28,0.023291868673977412,1.2625076934262958
2022-10-31,-0.014446607808067346,1.2442687399246983
2022-11-01,-0.0012289482958452002,1.2427395979771945
2022-11-02,-0.030041921220182257,1.2054053128775626
2022-11-03,-0.002267257193971728,1.2026723490102893
2022-11-04,0.029557272954136057,1.2382200639043783
2022-11-07,0.006997717938217084,1.2468847786570223
2022-11-08,0.016628090002966667,1.2676180909798604
2022-11-09,-0.026162791465165418,1.2344536632080834
2022-11-10,0.08577240696609825,1.340335725189558
2022-11-11,0.035241196719327884,1.3875707601509062
2022-11-14,-0.006584717078993497,1.3784339992682284
2022-11-15,0.02478885540429614,1.4126038003604542
2022-11-16,-0.025162067215072793,1.3770597685875172
2022-11-17,-0.004246814769053676,1.37121165082441
2022-11-18,-0.004810885652369279,1.3646149083670973
2022-11-21,-0.012479468099726276,1.3475852401497193
2022-11-22,0.02600131046905712,1.382624222362371
2022-11-23,0.00523001489457885,1.3898553676389316
2022-11-25,-0.007650635866133859,1.3792220903145345
2022-11-28,-0.024359411431155664,1.3456250519616242
2022-11-29,0.003060716709966216,1.349743629043512
2022-11-30,0.048689741042414296,1.4154622968152892
2022-12-01,0.008757766379399592,1.427858584929646
2022-12-02,-0.009163816459907714,1.414773950926647
2022-12-05,-0.021240348530296008,1.3847236591173813
2022-12-06,-0.02979717230258505,1.3434628096551946
2022-12-07,0.0005210293654220877,1.3441627932303775
2022-12-08,0.013007066826440816,1.3616464085075404
2022-12-09,-0.008672325932936754,1.3498377670475503
2022-12-12,0.015072899792003458,1.37018373644572
2022-12-13,0.021808400638043658,1.4000652523178598
2022-12-14,-0.007948932876551573,1.3889362276043928
2022-12-15,-0.02948364751618606,1.3479853214472437
2022-12-16,-0.008453837165331369,1.3365896730384719
2022-12-19,-0.01806481767577569,1.3124444242877071
2022-12-20,0.008305686660558411,1.3233451764352377
2022-12-21,0.021949923995731358,1.3523925024781087
2022-12-22,-0.028100430790021128,1.314389690561279
2022-12-23,0.00821764273729414,1.3251908754558943
2022-12-27,-0.011616493231588143,1.3097968046205986
2022-12-28,-0.012876511064265817,1.2929311915739614
2022-12-29,0.02791615781723527,1.3290248627647663
2022-12-30,-0.0001651989651228036,1.3288053092328151
2023-01-03,-0.0039005197703032447,1.3236222778532687
2023-01-04,0.012077566303188526,1.3396084136744189
2023-01-05,-0.011597824773436082,1.3240718700276022
2023-01-06,0.025653023421666026,1.3580383167213894
2023-01-09,0.010915219165020973,1.3728616025828997
2023-01-10,0.013301095339148195,1.3911221656463106
2023-01-11,0.008736131116582247,1.4032751912845807
2023-01-12,0.021702397672014054,1.4337296275291103
2023-01-13,0.004823761170662089,1.4406455968356129
2023-01-17,0.0061916420334371955,1.4495655586682663
2023-01-18,-0.014657088431401778,1.4283191480877513
2023-01-19,-0.008657569676358612,1.4159533755431044
2023-01-20,0.028982474623823754,1.4569912083183
2023-01-23,0.03174546050284696,1.503244065174964
2023-01-24,-0.009225082645995286,1.489376514436623
2023-01-25,0.0030614964100384333,1.4939362352887662
2023-01-26,0.020264763397568154,1.5242104996279466
2023-01-27,0.0023226505081204605,1.52775070791939
2023-01-30,-0.025785699368563366,1.4883565874548708
2023-01-31,0.016198304281346155,1.5124654403376105
2023-02-01,0.032632665356173346,1.561821218914925
2023-02-02,0.03805883299415611,1.6212623118523373
2023-02-03,-0.026250440241108147,1.5787034624198968
2023-02-06,-0.012252896069487996,1.559359772970325
2023-02-07,0.0295755779839211,1.6054787395407983
2023-02-08,-0.013746358793423674,1.5834092527518568
2023-02-09,-0.009720078151004386,1.5680183910700853
2023-02-10,-0.009518921596606257,1.5530925469434524
2023-02-13,0.012227880197762542,1.5720835765435148
2023-02-14,0.03164162032981696,1.6218268481992453
2023-02-15,-0.0028885099170282928,1.6171421852645191
2023-02-16,-0.027248002555717434,1.573078290867473
2023-02-17,-0.020022102242885365,1.541581956491661
2023-02-21,-0.021749958509188476,1.5080526128994538
2023-02-22,-0.007545203208364959,1.4966740494862216
2023-02-23,0.025098638020260168,1.5342385296885934
2023-02-24,-0.012519915839829188,1.515029992418669
2023-02-27,0.0017168807519166497,1.517631118251229
2023-02-28,-0.0026913876189870517,1.5135465846493783
2023-03-01,-0.0004902399557526473,1.51280458363869
2023-03-02,0.015161876319314396,1.5357415396311118
2023-03-03,0.026180614670987867,1.5759481971144238
2023-03-06,-0.0017203981283212986,1.573236938785777
2023-03-07,-0.010175230275441626,1.5572288906558007
2023-03-08,0.00854970793127897,1.5705427428530576
2023-03-09,-0.01990930610656111,1.539274326632158
2023-03-10,-0.014816645614865244,1.516467444430389
2023-03-13,0.01305054951998048,1.5362581779093658
2023-03-14,0.02739571174556038,1.5783450641181305
2023-03-15,-0.00445154186203075,1.5713189949924788
2023-03-16,0.02785958352261416,1.6150952877741418
2023-03-17,-0.0014343343028187182,1.6127787012005665
2023-03-20,0.005988862264085215,1.6224374107045068
2023-03-21,0.014156373265745226,1.645405240290749
2023-03-22,-0.005877790931504057,1.6357338922907187
2023-03-23,0.014103776347663233,1.6588039172718798
2023-03-24,-0.004325908840470472,1.6516280827415464
2023-03-27,-0.008572883086146055,1.6374688682864076
2023-03-28,-0.0015480755390763544,1.6349339427854144
2023-03-29,0.015122201733783947,1.6596577436896263
2023-03-30,0.007454979836688958,1.672030458704637
2023-03-31,0.011347931225707496,1.6910045453573053
2023-04-03,0.01284532978060856,1.7127260564029279
2023-04-04,-0.0028131623711773134,1.7079078799089202
2023-04-05,-0.012190594069805393,1.6870874682363286
2023-04-06,0.002897204042821344,1.691975304869896
2023-04-10,0.005241955804920928,1.7008445646410415
2023-04-11,-0.004731943309636832,1.692796264582656
2023-04-12,-0.010011854678402356,1.675848234381512
2023-04-13,0.01463375420818407,1.7003721855336702
2023-04-14,-0.00114545460800215,1.698424486378432
2023-04-17,-0.005005717105437213,1.689922653874674
2023-04-18,0.0018818291843515026,1.693102799644032
2023-04-19,-0.004120548327382512,1.6861262877348722
2023-04-20,-0.009358476395301442,1.6703467146716082
2023-04-21,-0.008494352658074945,1.6561582006159306
2023-04-24,-0.0006790146468986344,1.655033644940131
2023-04-25,-0.023759545900437638,1.6157107970864075
2023-04-26,0.00688090317025678,1.6268283466322975
2023-04-27,0.0267118930282712,1.6702840114028987
2023-04-28,0.007643006744356874,1.6830500033670426
2023-05-01,0.004877533787597888,1.691259136624682
2023-05-02,-0.017207827517596173,1.662156241114086
2023-05-03,-0.018266234139616724,1.631794906037271
2023-05-04,0.007155661208716859,1.6434714775469836
2023-05-05,0.018884181879578268,1.67450709184288
2023-05-08,0.0112052660472567,1.6932703893049976
2023-05-09,0.018732655998280535,1.7249898410199227
2023-05-10,0.006890660042764729,1.7368761595916138
2023-05-11,-0.007801606243116233,1.7233257357014242
2023-05-12,-0.00730045642214644,1.7107446712667727
2023-05-15,0.015240415327058287,1.7368171305754299
2023-05-16,-0.002949513731879472,1.7316943645990341
2023-05-17,0.027884879283803413,1.7799824529123207
2023-05-18,0.028427765241366323,1.8305833762174635
2023-05-19,4.18542624314736e-05,1.8306599939344943
2023-05-22,0.0019225564724385418,1.8341795411546673
2023-05-23,0.004216544295254033,1.8419134404353945
2023-05-24,-0.006123335859983681,1.8306347858145906
2023-05-25,0.0582884586121295,1.937339665761469
2023-05-26,0.033941193203045644,2.0030952856570026
2023-05-30,0.004753264444710414,2.012616527257683
2023-05-31,-0.016210201822691662,1.979991607159151
2023-06-01,0.013297136701736923,2.006319826227838
2023-06-02,0.005774465054514733,2.017905249952571
2023-06-05,0.001083344059928226,2.020091335618605
2023-06-06,0.005185394120214315,2.0305663053526177
2023-06-07,-0.01303488772010214,2.0040981015541237
2023-06-08,0.010669543581445042,2.0254809135901466
2023-06-09,0.004037149462916801,2.0336580827725954
2023-06-12,0.023155740913731373,2.080748942444393
2023-06-13,0.004901464388733912,2.09094765928768
2023-06-14,0.010438862346655798,2.112774774077046
2023-06-15,0.009049914305476626,2.131895204729216
2023-06-16,-0.0065890764440358456,2.1178479842545817
2023-06-20,-0.008807632610493343,2.0991947572843936
2023-06-21,-0.019899217918289427,2.057422423356261
2023-06-22,-0.006136273679175708,2.044797516292874
2023-06-23,-0.009435404330007703,2.0255040249536553
2023-06-26,-0.007926091711358052,2.0094496942901476
2023-06-27,0.019167300800663468,2.0479654210244083
2023-06-28,0.0007502882867926664,2.0495019854915593
2023-06-29,0.002880385720572565,2.055405341744854
2023-06-30,0.01423363838148002,2.0846612381066127
2023-07-03,0.0067437893788935945,2.098719754422747
2023-07-05,-0.004313802503707543,2.089666291891538
2023-07-06,-0.0147865719122112,2.05876729099396
2023-07-07,0.006497368488856027,2.0721438607163516
2023-07-10,0.011319458894070634,2.0955994079703313
2023-07-11,0.009765077588733297,2.116063098784065
2023-07-12,0.022783880521852606,2.1642752276034622
2023-07-13,0.011763638350424533,2.189734978671772
2023-07-14,-0.011124150482902852,2.1653760372513515
2023-07-17,0.011659174340644797,2.1906225339827197
2023-07-18,0.011096057410352545,2.2149298073842036
2023-07-19,-0.0008615983214505739,2.2130214275800304
2023-07-20,-0.029702798478181115,2.147288498088724
2023-07-21,-0.005083640165026527,2.136372456033941
2023-07-24,0.004404849611147466,2.145782855416168
2023-07-25,0.015178359610742233,2.17835231924224
2023-07-26,-0.010346166480833552,2.15581472349345
2023-07-27,-0.002522433611717478,2.1503768239742747
2023-07-28,0.023126701023383402,2.20010794586994
2023-07-31,0.01370581160745147,2.2302622108920906
2023-08-01,0.0021735221444965417,2.2351097351954983
2023-08-02,-0.03354188740643112,2.1601399361165528
2023-08-03,-0.0006230148445292905,2.1587941368700916
2023-08-04,0.00015275576844848743,2.159123905127391
2023-08-07,0.005969905583191604,2.1720136709834135
2023-08-08,-0.016713200939006967,2.1357123700579974
2023-08-09,-0.02438368365639151,2.083635835245461
2023-08-10,0.0006923730264280171,2.085078488494684
2023-08-11,-0.007836104694782853,2.068739595162
2023-08-14,0.017773086321438328,2.1055074825633913
2023-08-15,-0.014122714386114246,2.075772001749322
2023-08-16,-0.009654601897769321,2.0557312494418967
2023-08-17,-0.011927449583950856,2.0312116186060263
2023-08-18,0.0011264850750761668,2.033499748178707
2023-08-21,0.021935179444893007,2.0781049300561514
2023-08-22,-0.006811060615474462,2.063950831412223
2023-08-23,0.020693672727974434,2.106661554444098
2023-08-24,-0.025493373743634626,2.0529556440853085
2023-08-25,0.0019094923471769448,2.0568757471767833
2023-08-28,0.010277242473318515,2.0780147579680075
2023-08-29,0.02238858363740215,2.1245385651765303
2023-08-30,0.00837860568777471,2.142339236082615
2023-08-31,-0.006792847382475908,2.127786652610416
2023-09-01,0.002070846977828899,2.132192973169439
2023-09-05,0.006384841913453465,2.1458066882321027
2023-09-06,-0.006353169808314274,2.132174013965948
2023-09-07,-0.011456832765244052,2.107746052861541
2023-09-08,0.0003603865942456428,2.1085056562830666
2023-09-11,0.0038003005187782213,2.116518611422486
2023-09-12,-0.002598375168975775,2.111019102017891
2023-09-13,0.008089726831389078,2.12809666988906
2023-09-14,0.00971211708803892,2.1487649939216884
2023-09-15,-0.021681808500606248,2.102175882810672
2023-09-18,0.003108252232234288,2.1087099756909673
2023-09-19,-0.005408024836480863,2.0973060197694955
2023-09-20,-0.014009217834383457,2.0679244028731807
2023-09-21,-0.022398605067086484,2.0216057808646335
2023-09-22,0.006981729462418684,2.035720085506292
2023-09-25,0.007793480161266575,2.051585429606577
2023-09-26,-0.014704582096873697,2.0214177232281774
2023-09-27,0.010663522255434866,2.0429731561073514
2023-09-28,0.016561353661949964,2.0768075570675153
2023-09-29,-0.0014464904738228476,2.073803474720254
2023-10-02,0.0008409931492673987,2.0755475292354206
2023-10-03,-0.021847648133839596,2.0302016971316252
2023-10-04,0.011321416397149852,2.0531864559150526
2023-10-05,0.004354966465113397,2.062128014077188
2023-10-06,0.027484010612242794,2.118803562299888
2023-10-09,0.015276923374981112,2.151172361967781
2023-10-10,0.007791958703209457,2.167934208175719
2023-10-11,0.0069195017674037575,2.1829352327608063
2023-10-12,0.0034902319055612474,2.190554182957962
2023-10-13,-0.011821061121711341,2.164659508070795
2023-10-16,0.012034428131927856,2.190709947350767
2023-10-17,-0.002203152513844642,2.1858834792231567
2023-10-18,-0.014039786496341144,2.155194141868984
2023-10-19,-0.0014668703683313293,2.152032751444275
2023-10-20,-0.01875819053832376,2.1116645110479704
2023-10-23,-0.0008439989782679234,2.1098822683582013
2023-10-24,0.005024192201034483,2.1204827223959875
2023-10-25,-0.02968816101904419,2.057529489895394
2023-10-26,-0.01878773429052766,2.0188731725443145
2023-10-27,0.001989560343535791,2.022889842547037
2023-10-30,0.004351036996899061,2.031691511092611
2023-10-31,-0.0005480648877192462,2.030578012312704
2023-11-01,0.019724708262135314,2.0706305712090787
2023-11-02,0.038335950041968256,2.150010161342322
2023-11-03,0.01806315212815428,2.188846121963726
2023-11-06,-0.002932834231742243,2.1824265991292147
2023-11-07,-0.0005291739321112597,2.1812717158642094
2023-11-08,-0.005312279760894922,2.1696841902750115
2023-11-09,-0.004277997405722156,2.160402286937779
2023-11-10,0.034302528638319424,2.234509548255753
2023-11-13,-0.0025373350233466653,2.228839848918961
2023-11-14,0.020828322174616477,2.2752628433678685
2023-11-15,-0.003268981054966736,2.2678250522378294
2023-11-16,-0.0015286088413248521,2.2643584348124004
2023-11-17,0.00910234408124775,2.2849694044093383
2023-11-20,0.014121035310450315,2.3172355380523015
2023-11-21,-0.013208087825191119,2.2866292875540526
2023-11-22,0.0023679578863559985,2.2920439294086887
2023-11-24,-0.005084768951285058,2.28038941560145
2023-11-27,-0.003061738017088933,2.273407460633936
2023-11-28,0.011865379317608737,2.300382302497839
2023-11-29,-0.0012942977592238169,2.297404922838358
2023-11-30,-0.007938498896462167,2.279166976393679
2023-12-01,0.0041999750755252864,2.2887394208874925
2023-12-04,-0.02152283288875506,2.239479264805825
2023-12-05,-0.0037079052073666022,2.231175487978062
2023-12-06,-0.014143124341411208,2.1996196956240794
2023-12-07,0.020130978264104028,2.2439001919059827
2023-12-08,0.012594679034314694,2.2721613946080756
2023-12-11,0.008543917061366214,2.291574553113645
2023-12-12,0.006381609251863453,2.3061984864831295
2023-12-13,0.013824753563220528,2.338081112226631
2023-12-14,0.012233445182437764,2.3666838993451487
2023-12-15,0.0035298641972626886,2.3750379721076853
2023-12-18,0.006665984974525295,2.390869939543682
2023-12-19,0.007472633661227902,2.4087360347335336
2023-12-20,-0.019815101558699477,2.3610066855771894
2023-12-21,0.01445242382779175,2.3951289548574004
2023-12-22,0.001079934604188315,2.3977155374972443
2023-12-26,0.009471617923128662,2.4204257829567672
2023-12-27,0.0016692776476806117,2.4244661456141268
2023-12-28,-0.0019491997757092097,2.4197403767468812
2023-12-29,-0.006879882576086105,2.4030928470902486
2024-01-02,-0.020478399471052823,2.353881351801505
2024-01-03,-0.00928622611687744,2.3320226773163752
2024-01-04,-0.0031575546122518455,2.324659188355739
2024-01-05,0.004786149179776223,2.335785354023347
2024-01-08,0.02248795847559596,2.388312398072529
2024-01-09,-0.005470382605763136,2.375247415472985
2024-01-10,0.0043815913852743305,2.3856547790865164
2024-01-11,0.0015909895523873673,2.389450330915646
2024-01-12,0.004631174530029059,2.4005162924289523
2024-01-16,0.0001616080065647618,2.400904235081698
2024-01-17,-0.005176727001373871,2.3884754093002374
2024-01-18,0.018355676711523695,2.4323174917467765
2024-01-19,0.024740187056338472,2.4924934814729958
2024-01-22,0.002020783996004472,2.497530272410502
2024-01-23,0.0026066253828144433,2.504040398212915
2024-01-24,0.012632900906076683,2.535673692428351
2024-01-25,0.004001601726927651,2.5458204486548976
2024-01-26,-0.005024576819928939,2.533028778240885
2024-01-29,0.011897460437759588,2.5631653879177123
2024-01-30,-0.004399854782778901,2.551887832426629
2024-01-31,-0.022288679211459488,2.4950096231460455
2024-02-01,0.013479994298869258,2.5286423386416783
2024-02-02,0.03857509373233714,2.6261849538703377
2024-02-05,-0.0029637205729750927,2.6184016754941144
2024-02-06,0.025670443841957734,2.685617208660574
2024-02-07,0.02591261502257565,2.7552085734865996
2024-02-08,0.012537462197433303,2.789751896822732
2024-02-09,0.000250976250295953,2.7904520582930528
2024-02-12,0.0010432650393022548,2.793363239369319
2024-02-13,-0.018543753553763323,2.741563799872312
2024-02-14,0.01840571908504147,2.7920242530264807
2024-02-15,0.007610808744048327,2.8132738156250094
2024-02-16,-0.010923224702951595,2.7825437935860076
2024-02-20,-0.018609475686865364,2.7307621125116306
2024-02-21,-0.002571597054812347,2.7237396927057027
2024-02-22,0.03816067767177693,2.8276794451808698
2024-02-23,-0.006122350030297242,2.8103674018439957
2024-02-26,-6.55489771981487e-05,2.8101831851352537
2024-02-27,0.0005833414171491076,2.8118224813769186
2024-02-28,-0.004080063254565891,2.8003500677922903
2024-02-29,0.02306112863019918,2.8649293009152355
2024-03-01,0.027486311477363103,2.9436756400408157
2024-03-04,0.004687327042120415,2.95747361047161
2024-03-05,-0.01170903263553652,2.92284445544786
2024-03-06,0.022911891431130062,2.989812350281162
2024-03-07,0.02276267904461251,3.0578684892142305
2024-03-08,-0.01920605223203591,2.999138907291685
2024-03-11,-0.01271701092382095,2.9609988250456003
2024-03-12,0.012440291497230617,2.997834513552125
2024-03-13,-0.003946184769537986,2.9860045046531503
2024-03-14,-0.006619624942383018,2.9662382747560803
2024-03-15,-0.01032778853562907,2.93560359310811
2024-03-18,0.0075216869859373375,2.9576842844502624
2024-03-19,-0.005267032858939003,2.9421060641376955
2024-03-20,0.011864527488461129,2.977012762409626
2024-03-21,0.011483712467832186,3.011199920986205
2024-03-22,0.0010787742273526638,3.0144483258543713
2024-03-25,0.00274967234725213,3.022737071058194
2024-03-26,-0.0063469625654535506,3.0035518720229786
2024-03-27,-0.0009781191762908586,3.0006140403399684
2024-03-28,-0.004398371406756563,2.9874162253422245
2024-04-01,0.012507294689068037,3.024780720431483
2024-04-02,-0.0024379997353790933,3.0174063058354914
2024-04-03,0.007613308990391554,3.0403787523913732
2024-04-04,-0.01589657455386756,2.992047144881989
2024-04-05,0.02230142213572115,3.0587740513099817
2024-04-08,-0.003773366766817855,3.0472321749575637
2024-04-09,0.000281801409441873,3.0480908892793632
2024-04-10,-0.0030154789875846966,3.0388994352504928
2024-04-11,0.014572880656818797,3.0831849540484724
2024-04-12,-0.02138271912790616,3.0172580761566676
2024-04-15,-0.018181648615057902,2.9623993500350414
2024-04-16,0.0025611116137259525,2.9699863854149102
2024-04-17,-0.017739355510952605,2.917300741061346
2024-04-18,-0.006082138299883954,2.899557314491857
2024-04-19,-0.027752216919638154,2.8190881709291555
2024-04-22,0.009167172090504761,2.844931237330369
2024-04-23,0.0204139713821063,2.9030075821932915
2024-04-24,-0.0014322500602754308,2.898849749408715
2024-04-25,0.012440110003487515,2.934911759174941
2024-04-26,0.018528581517988408,2.9892915109529166
2024-04-29,-0.001339126440067273,2.9852884716535306
2024-04-30,-0.024335752374367216,2.912639230641317
2024-05-01,-0.01692460071622841,2.8633439746322904
2024-05-02,0.008675356193577856,2.888184503516961
2024-05-03,0.020344208792467778,2.9469423320876795
2024-05-06,0.0275705366304561,3.028191113602345
2024-05-07,-0.01957988150941522,2.9688994904101467
2024-05-08,0.004536303489391014,2.9823673195281457
2024-05-09,-0.0004224504033430885,2.981107417251094
2024-05-10,0.004607313912594968,2.994842314929535
2024-05-13,-0.0032979430122318746,2.984965495644277
2024-05-14,0.012890750038804168,3.023443939723083
2024-05-15,0.01999921222775144,3.083910436732314
2024-05-16,-0.006313559316497597,3.0644399852632382
2024-05-17,0.0022858333260167615,3.0714447843071313
2024-05-20,0.0061079886535820305,3.090205134199783
2024-05-21,-0.005144199300395147,3.074308503110355
2024-05-22,-0.005215659314012755,3.058273957331959
2024-05-23,-4.2088458514932424e-05,3.0581452392953783
2024-05-24,0.01597096621086027,3.106986773580068
2024-05-28,0.013954620257877005,3.1503435941516247
2024-05-29,-0.015886482537715775,3.10029571565533
2024-05-30,-0.0067265886273962135,3.079441301752838
2024-05-31,0.000504491232180848,3.0809948528895874
2024-06-03,-0.00013050439403746751,3.080592769523278
2024-06-04,-0.002597826593468023,3.072589923702965
2024-06-05,0.03227626425727609,3.1717616480346456
2024-06-06,0.00529642080564976,3.1885606324178584
2024-06-07,-0.005077516224600365,3.1723706640736347
2024-06-10,0.007003269413244108,3.1945876305128142
2024-06-11,0.00215922976038313,3.2014854791967697
2024-06-12,0.011090311711165913,3.236990951099833
2024-06-13,0.009834077898767894,3.268823772270556
2024-06-14,0.005425813389708201,3.2865598000627383
2024-06-17,0.015413159703719904,3.337216071136931
2024-06-18,0.004532607649182452,3.352342362227941
2024-06-20,0.0005612329506845307,3.3542238072235993
2024-06-21,-0.01808345996609806,3.2935678352883384
2024-06-24,-0.005979215276136752,3.2738748841745897
2024-06-25,0.011292002089560937,3.310843486207651
2024-06-26,-0.006012395047393626,3.2909373872284804
2024-06-27,0.0062773194869265025,3.311595652619585
2024-06-28,0.00049093718232448,3.3132214380582803
2024-07-01,0.0031457193425117767,3.323643902822005
2024-07-02,0.007260153625889309,3.3477740681542434
2024-07-03,0.017724398836633716,3.407111350953149
2024-07-05,0.013953638630393408,3.454652951517861
2024-07-08,0.008123618238417419,3.482717233242214
2024-07-09,-0.0050317267253590535,3.4651931518628407
2024-07-10,0.023049118067599395,3.545062797947164
2024-07-11,-0.016505252769644707,3.486550640382782
2024-07-12,0.0012910605531353367,3.491051988381089
2024-07-15,0.002246036213493418,3.4988930175701816
2024-07-16,-0.0034776658631060055,3.4867250367643177
2024-07-17,-0.03843556515964776,3.3527107894199877
2024-07-18,0.006752880984244058,3.3753512463555317
2024-07-19,-0.016328331880658953,3.3202373909912426
2024-07-22,0.012728428549405769,3.36249879538954
2024-07-23,-0.0017219555338747973,3.3567087219811715
2024-07-24,-0.041027164939687596,3.218992479589962
2024-07-25,-0.013863542735590985,3.1743658397836207
2024-07-26,0.013234604966966192,3.216377317693789
2024-07-29,-0.004793992233554212,3.200958029812585
2024-07-30,-0.01701998987510063,3.1464777565545523
2024-07-31,0.0450610859100613,3.288261461056754
2024-08-01,-0.032959927111670444,3.179880602976209
2024-08-02,-0.025559152547735144,3.0986055495611557
2024-08-05,-0.02233061331140347,3.0294117872293365
2024-08-06,0.023430560131748945,3.1003926022738426
2024-08-07,-0.016205417118940947,3.050149446921516
2024-08-08,0.04724384400257249,3.1942502315764085
2024-08-09,0.007154949706079106,3.217104931331969
2024-08-12,0.008554641568842404,3.2446261109088694
2024-08-13,0.023585117159485216,3.3211509978733798
2024-08-14,0.004883912281532043,3.337371208020716
2024-08-15,0.023898884039402903,3.4171306555176453
2024-08-16,0.00470363022738286,3.4332035745598546
2024-08-19,0.016261950476868226,3.489034161066354
2024-08-20,-0.007288000710172793,3.463606077622685
2024-08-21,0.004600801349449335,3.4795414411385726
2024-08-22,-0.017387150467647095,3.4190421305430827
2024-08-23,0.015039969382385476,3.4704644195035366
2024-08-26,-0.012874185941880223,3.4257850152621687
2024-08-27,0.00224698654620914,3.4334827081016677
2024-08-28,-0.012960602559834833,3.3889827033258966
2024-08-29,0.0007580968530307981,3.3915518804482634
2024-08-30,0.012249663108408271,3.4330972483984437
2024-09-03,-0.044578928762613275,3.2800534507269656
2024-09-04,-0.0015858821968695363,3.2748516723546772
2024-09-05,-0.0005998785820617082,3.272887158977003
2024-09-06,-0.03264921530876155,3.166029961442282
2024-09-09,0.030554357054679883,3.262765971330004
2024-09-10,0.010664102509254803,3.2975604421119757
2024-09-11,0.02572218616159201,3.3823809056830814
2024-09-12,0.016876771533150082,3.4394645754663844
2024-09-13,0.009274530315205587,3.471363993939623
2024-09-16,-0.00037182436684065663,3.4700732562205028
2024-09-17,0.0015105090571781114,3.4753148333030954
2024-09-18,-0.004423696760913443,3.459941094331858
2024-09-19,0.029266069155223184,3.5611999696715726
2024-09-20,0.001156414715070264,3.5653181937198086
2024-09-23,0.005491334143589955,3.584896547249745
2024-09-24,0.007974497933821567,3.6134842973587524
2024-09-25,0.0009478502854463725,3.6169093394814595
2024-09-26,0.0032832308457959596,3.6287844877912927
2024-09-27,-0.01144045536216256,3.5872695408398085
2024-09-30,0.0006710631542080736,3.5896768252528792
2024-10-01,-0.006825055637122191,3.56517708120124
2024-10-02,0.00849801942663061,3.595474025296667
2024-10-03,0.014950128272620355,3.6492268231757263
2024-10-04,0.016246341737685733,3.7085134092233685
2024-10-07,-0.003256335645687614,3.696437244816404
2024-10-08,0.012973633179217271,3.7443934657006483
2024-10-09,0.007317733034643648,3.77179393745931
2024-10-10,-0.0011319729276562669,3.7675243688334077
2024-10-11,0.004825078601896105,3.785702970047588
2024-10-14,0.0028328045096786218,3.796427126493443
2024-10-15,-0.0240472287280341,3.705133575033342
2024-10-16,0.0017373923471837754,3.7115708457518983
2024-10-17,0.016771450527383602,3.773819272570306
2024-10-18,0.0010484053765448809,3.7777757649857775
2024-10-21,0.004662043278063334,3.7953879190969597
2024-10-22,0.001248211337934102,3.800125365329435
2024-10-23,-0.012649277235553247,3.7520565260535252
2024-10-24,-0.013571940819086924,3.701133836932058
2024-10-25,0.00985886552318561,3.7376228177136834
2024-10-28,-0.004040044365538021,3.722522655708473
2024-10-29,0.010208413731784181,3.760523707103885
2024-10-30,-0.019014073437789637,3.6890208331724628
2024-10-31,-0.025011806881889018,3.596751756509888
2024-11-01,0.003907950573598952,3.610807684599834
2024-11-04,-0.0014560619400072472,3.6055501249576025
2024-11-05,0.035664000638711016,3.734138466916995
2024-11-06,0.022664646661796753,3.8187713958558924
2024-11-07,0.017154888814116052,3.884281994558327
2024-11-08,0.0010477480117131455,3.888351743295059
2024-11-11,-0.012969588532041143,3.8379214211166772
2024-11-12,-0.0060840890398443205,3.8145711654626773
2024-11-13,-0.004997117168781407,3.7955093064002052
2024-11-14,-0.001859054145032946,3.788453249091631
2024-11-15,-0.006467608673520796,3.7639510159985776
2024-11-18,0.0017588070972147643,3.7705710797590846
2024-11-19,0.011328780858820522,3.8132870532342813
2024-11-20,-0.004188633942884134,3.7973145896491434
2024-11-21,-7.370786189520029e-05,3.797034697709797
2024-11-22,0.0026055176865398483,3.8069279387710853
2024-11-25,-0.010884734407632823,3.765490539248565
2024-11-26,0.004401015558527321,3.782062521697285
2024-11-27,-0.0077929584610733965,3.7525890655685155
2024-11-29,0.009370341092760493,3.787752105093856
2024-12-02,0.01149654574450687,3.8312981704389197
2024-12-03,0.016210397672385992,3.8934050373832196
2024-12-04,0.0021293275432184952,3.901695371966226
2024-12-05,0.0038771008640288377,3.9168226384640534
2024-12-06,0.006156039092067255,3.9409347517431317
2024-12-09,-0.013873973622464064,3.8862583269495956
2024-12-10,-0.015934870264093882,3.824331304696899
2024-12-11,0.019994942919147697,3.9007985908382232
2024-12-12,-0.006891863890526573,3.8739148178858085
2024-12-13,0.022432962684867566,3.9608182044397964
2024-12-16,0.006511552294323809,3.9866092793063155
2024-12-17,-0.011997266225595105,3.9387808664450494
2024-12-18,-0.0352987030322967,3.7997470103311137
2024-12-19,-0.0045090593492090325,3.7826137255495516
2024-12-20,0.017062663300646576,3.8471551899450076
2024-12-23,0.02233004342236156,3.9330623323890435
2024-12-24,0.010515975840983507,3.9744223208575287
2024-12-26,-0.0023922818579789505,3.964914382443395
2024-12-27,-0.010812040776604326,3.922045566464672
2024-12-30,-0.012859226202256657,3.871611095349945
